{
  "display": {
    "background": "minecraft:textures/block/stone.png",
    "icon": {
      "item": "forein_faric:moodev"
    },
    "title": {
      "translate": "advancements.mooodevachivemens.title"
    },
    "description": {
      "translate": "advancements.mooodevachivemens.descr"
    },
    "frame": "task",
    "show_toast": true,
    "announce_to_chat": true,
    "hidden": false
  },
  "criteria": {
    "mooodevachivemens": {
      "trigger": "minecraft:inventory_changed",
      "conditions": {
        "items": [
          {
            "items": [
              "forein_faric:moodev"
            ],
            "count": {
              "min": 1,
              "max": 1
            }
          }
        ]
      }
    }
  },
  "rewards": {
    "experience": 2,
    "recipes": [
      "forein_faric:moodev_ore_block_recipe",
      "forein_faric:moodev_block_ore_recipe",
      "forein_faric:moodev_ore_smelting",
      "forein_faric:moodev_tools_pickaxe_recipe",
      "forein_faric:moodev_tools_shovel_recipe",
      "forein_faric:moodev_tools_hoe_recipe",
      "forein_faric:moodev_armor_armor_helmet_recipe",
      "forein_faric:moodev_armor_armor_body_recipe",
      "forein_faric:moodev_armor_armor_leggings_recipe",
      "forein_faric:moodev_armor_armor_boots_recipe",
      "forein_faric:moodev_tools_sword_recipe"
    ]
  }
}