{
  "_fv": 28,
  "_type": "armor",
  "definition": {
    "enableHelmet": true,
    "textureHelmet": "moodev_head",
    "enableBody": true,
    "textureBody": "moodev_body",
    "enableLeggings": true,
    "textureLeggings": "moodev_leggings",
    "enableBoots": true,
    "textureBoots": "moodev_boots",
    "creativeTab": {
      "value": "CUSTOM:Forein"
    },
    "armorTextureFile": "moodev",
    "helmetName": "Moodev Helmet",
    "bodyName": "Moodev Chestplate",
    "leggingsName": "Moodev Leggings",
    "bootsName": "Moodev Boots",
    "helmetSpecialInfo": [],
    "bodySpecialInfo": [],
    "leggingsSpecialInfo": [],
    "bootsSpecialInfo": [],
    "helmetModelName": "Default",
    "helmetModelPart": "Helmet",
    "helmetModelTexture": "From armor",
    "bodyModelName": "Default",
    "bodyModelPart": "Body",
    "armsModelPartL": "Arms L",
    "armsModelPartR": "Arms R",
    "bodyModelTexture": "From armor",
    "leggingsModelName": "Default",
    "leggingsModelPartL": "Leggings L",
    "leggingsModelPartR": "Leggings R",
    "leggingsModelTexture": "From armor",
    "bootsModelName": "Default",
    "bootsModelPartL": "Boots L",
    "bootsModelPartR": "Boots R",
    "bootsModelTexture": "From armor",
    "helmetImmuneToFire": false,
    "bodyImmuneToFire": false,
    "leggingsImmuneToFire": false,
    "bootsImmuneToFire": false,
    "maxDamage": 45,
    "damageValueHelmet": 6,
    "damageValueBody": 15,
    "damageValueLeggings": 18,
    "damageValueBoots": 6,
    "enchantability": 27,
    "toughness": 0.0,
    "knockbackResistance": 0.0,
    "equipSound": {
      "value": ""
    },
    "repairItems": [
      {
        "value": "CUSTOM:MoodevDust"
      }
    ]
  }
}