{
  "display": {
    "icon": {
      "item": "forein:fishrock"
    },
    "title": {
      "translate": "advancements.newfood.title"
    },
    "description": {
      "translate": "advancements.newfood.descr"
    },
    "frame": "task",
    "show_toast": true,
    "announce_to_chat": true,
    "hidden": false
  },
  "criteria": {
    "newfood": {
      "trigger": "minecraft:inventory_changed",
      "conditions": {
        "items": [
          {
            "item": "forein:fishrock",
            "count": {
              "min": 1,
              "max": 1
            }
          }
        ]
      }
    }
  },
  "rewards": {
    "experience": 0,
    "recipes": [
      "forein:fishfood",
      "forein:fishfood_2",
      "forein:fishfood_3"
    ]
  },
  "parent": "forein:moodevoreachivens"
}