{
  "_fv": 33,
  "_type": "tool",
  "definition": {
    "renderType": 0,
    "texture": "moodevtools_sword",
    "customModelName": "Normal",
    "name": "MoodevTools Sword",
    "specialInfo": [],
    "creativeTab": {
      "value": "COMBAT"
    },
    "toolType": "Sword",
    "harvestLevel": 3,
    "efficiency": 7.0,
    "attackSpeed": 1.0,
    "enchantability": 18,
    "damageVsEntity": 8.0,
    "usageCount": 361,
    "blocksAffected": [],
    "hasGlow": false,
    "repairItems": [
      {
        "value": "CUSTOM:Moodev"
      }
    ],
    "immuneToFire": false,
    "stayInGridWhenCrafting": false,
    "damageOnCrafting": false
  }
}