{
  "_fv": 33,
  "_type": "achievement",
  "definition": {
    "achievementName": "Mooodevachivemens",
    "achievementDescription": "new ore in mod(fabric)",
    "achievementIcon": {
      "value": "CUSTOM:Moodev"
    },
    "background": "Default",
    "disableDisplay": false,
    "showPopup": true,
    "announceToChat": true,
    "hideIfNotCompleted": false,
    "rewardLoot": [],
    "rewardRecipes": [
      "MoodevOreBlockRecipe",
      "MoodevBlockOreRecipe",
      "MoodevOreSmelting",
      "MoodevToolsPickaxeRecipe",
      "MoodevToolsShovelRecipe",
      "MoodevToolsHoeRecipe",
      "MoodevArmorArmorHelmetRecipe",
      "MoodevArmorArmorBodyRecipe",
      "MoodevArmorArmorLeggingsRecipe",
      "MoodevArmorArmorBootsRecipe",
      "MoodevToolsSwordRecipe"
    ],
    "rewardFunction": "No function",
    "rewardXP": 2,
    "achievementType": "task",
    "parent": {
      "value": "No parent: root"
    },
    "triggerxml": "<xml xmlns=\"https://developers.google.com/blockly/xml\"><block type=\"item_in_inventory\" x=\"1\" y=\"53\"><value name=\"amount_l\"><block type=\"math_number\"><field name=\"NUM\">1</field></block></value><value name=\"amount_h\"><block type=\"math_number\"><field name=\"NUM\">1</field></block></value><value name=\"item\"><block type=\"mcitem_all\"><field name=\"value\">CUSTOM:Moodev</field></block></value><next><block type=\"advancement_trigger\" deletable=\"false\"></block></next></block></xml>"
  }
}