{
  "_fv": 28,
  "_type": "tool",
  "definition": {
    "renderType": 0,
    "texture": "greendiamondtool_sword",
    "customModelName": "Normal",
    "name": "Greendiamondtool Sword",
    "specialInfo": [],
    "creativeTab": {
      "value": "CUSTOM:Forein"
    },
    "toolType": "Sword",
    "harvestLevel": 8,
    "efficiency": 14.0,
    "attackSpeed": 1.0,
    "enchantability": 56,
    "damageVsEntity": 24.0,
    "usageCount": 1741,
    "blocksAffected": [],
    "hasGlow": false,
    "repairItems": [
      {
        "value": "CUSTOM:Greendiamond"
      }
    ],
    "immuneToFire": false,
    "stayInGridWhenCrafting": false,
    "damageOnCrafting": false
  }
}