{
  "_fv": 28,
  "_type": "armor",
  "definition": {
    "enableHelmet": true,
    "textureHelmet": "greendiamondarmor_head",
    "enableBody": true,
    "textureBody": "greendiamondarmor_body",
    "enableLeggings": true,
    "textureLeggings": "greendiamondarmor_leggings",
    "enableBoots": true,
    "textureBoots": "greendiamondarmor_boots",
    "creativeTab": {
      "value": "COMBAT"
    },
    "armorTextureFile": "greendiamondarmor",
    "helmetName": "Greendiamondarmor Helmet",
    "bodyName": "Greendiamondarmor Chestplate",
    "leggingsName": "Greendiamondarmor Leggings",
    "bootsName": "Greendiamondarmor Boots",
    "helmetSpecialInfo": [],
    "bodySpecialInfo": [],
    "leggingsSpecialInfo": [],
    "bootsSpecialInfo": [],
    "helmetModelName": "Default",
    "helmetModelPart": "Helmet",
    "helmetModelTexture": "From armor",
    "bodyModelName": "Default",
    "bodyModelPart": "Body",
    "armsModelPartL": "Arms L",
    "armsModelPartR": "Arms R",
    "bodyModelTexture": "From armor",
    "leggingsModelName": "Default",
    "leggingsModelPartL": "Leggings L",
    "leggingsModelPartR": "Leggings R",
    "leggingsModelTexture": "From armor",
    "bootsModelName": "Default",
    "bootsModelPartL": "Boots L",
    "bootsModelPartR": "Boots R",
    "bootsModelTexture": "From armor",
    "helmetImmuneToFire": false,
    "bodyImmuneToFire": false,
    "leggingsImmuneToFire": false,
    "bootsImmuneToFire": false,
    "maxDamage": 83,
    "damageValueHelmet": 11,
    "damageValueBody": 28,
    "damageValueLeggings": 33,
    "damageValueBoots": 11,
    "enchantability": 50,
    "toughness": 0.0,
    "knockbackResistance": 0.0,
    "equipSound": {
      "value": ""
    },
    "repairItems": [
      {
        "value": "CUSTOM:Greendiamond"
      }
    ]
  }
}