{
  "schemaVersion": 1,
  "id": "forein_faric",
  "version": "1.0.0",
  "name": "Forein faric",
  "description": "Light survival mod that adds mobs, tools and dungeons",
  "authors": [
    "Largenton"
  ],
  "contact": {
    "homepage": "https://www.curseforge.com/minecraft/mc-mods/forein-1-16-5",
    "sources": ""
  },
  "license": "GNU General Public License version 2 (GPLv2)",
  "icon": "assets/forein_faric/icon.png",
  "environment": "*",
  "entrypoints": {
    "main": [
      "net.mcreator.foreinfaric.ForeinFaricMod"
    ],
    "client": [
      "net.mcreator.foreinfaric.ClientInit"
    ]
  },
  "depends": {
    "fabricloader": ">=0.12.12",
    "fabric": "*",
    "minecraft": "1.17.x",
    "java": ">=16"
  },
  "accessWidener": "modid.accesswidener"
}