{
  "_fv": 33,
  "_type": "tool",
  "definition": {
    "renderType": 0,
    "texture": "moodevtools_shovel",
    "customModelName": "Normal",
    "name": "MoodevTools Shovel",
    "specialInfo": [],
    "creativeTab": {
      "value": "CUSTOM:ForeinFabric"
    },
    "toolType": "Spade",
    "harvestLevel": 3,
    "efficiency": 9.5,
    "attackSpeed": 0.7999999999999999,
    "enchantability": 16,
    "damageVsEntity": 2.5,
    "usageCount": 1061,
    "blocksAffected": [],
    "hasGlow": false,
    "repairItems": [
      {
        "value": "CUSTOM:Moodev"
      }
    ],
    "immuneToFire": false,
    "stayInGridWhenCrafting": false,
    "damageOnCrafting": false
  }
}