{
  "_fv": 33,
  "_type": "recipe",
  "definition": {
    "recipeType": "Smithing",
    "xpReward": 0.0,
    "cookingTime": 200,
    "recipeRetstackSize": 1,
    "group": "",
    "recipeShapeless": false,
    "smithingInputStack": {
      "value": "CUSTOM:MoodevToolsAxe"
    },
    "smithingInputAdditionStack": {
      "value": "CUSTOM:Moodev"
    },
    "smithingReturnStack": {
      "value": "CUSTOM:MoodevToolsPlusAxe"
    },
    "name": "moodev_tools_plus_axe_recipe",
    "namespace": "mod"
  }
}