{
  "_fv": 33,
  "_type": "armor",
  "definition": {
    "enableHelmet": true,
    "textureHelmet": "moodevarmor_head",
    "enableBody": true,
    "textureBody": "moodevarmor_body",
    "enableLeggings": true,
    "textureLeggings": "moodevarmor_leggings",
    "enableBoots": true,
    "textureBoots": "moodevarmor_boots",
    "creativeTab": {
      "value": "CUSTOM:ForeinFabric"
    },
    "armorTextureFile": "moodevarmor",
    "helmetName": "MoodevArmor Helmet",
    "bodyName": "MoodevArmor Chestplate",
    "leggingsName": "MoodevArmor Leggings",
    "bootsName": "MoodevArmor Boots",
    "helmetSpecialInfo": [],
    "bodySpecialInfo": [],
    "leggingsSpecialInfo": [],
    "bootsSpecialInfo": [],
    "helmetModelName": "Default",
    "helmetModelPart": "Helmet",
    "helmetModelTexture": "From armor",
    "bodyModelName": "Default",
    "bodyModelPart": "Body",
    "armsModelPartL": "Arms L",
    "armsModelPartR": "Arms R",
    "bodyModelTexture": "From armor",
    "leggingsModelName": "Default",
    "leggingsModelPartL": "Leggings L",
    "leggingsModelPartR": "Leggings R",
    "leggingsModelTexture": "From armor",
    "bootsModelName": "Default",
    "bootsModelPartL": "Boots L",
    "bootsModelPartR": "Boots R",
    "bootsModelTexture": "From armor",
    "helmetImmuneToFire": false,
    "bodyImmuneToFire": false,
    "leggingsImmuneToFire": false,
    "bootsImmuneToFire": false,
    "maxDamage": 20,
    "damageValueHelmet": 5,
    "damageValueBody": 9,
    "damageValueLeggings": 10,
    "damageValueBoots": 5,
    "enchantability": 12,
    "toughness": 0.0,
    "knockbackResistance": 0.0,
    "equipSound": {
      "value": ""
    },
    "repairItems": [
      {
        "value": "CUSTOM:Moodev"
      }
    ]
  }
}