{
  "_fv": 33,
  "_type": "tool",
  "definition": {
    "renderType": 0,
    "texture": "moodevtools_axe",
    "customModelName": "Normal",
    "name": "MoodevTools Axe",
    "specialInfo": [],
    "creativeTab": {
      "value": "CUSTOM:ForeinFabric"
    },
    "toolType": "Axe",
    "harvestLevel": 2,
    "efficiency": 7.0,
    "attackSpeed": 2.5,
    "enchantability": 18,
    "damageVsEntity": 15.5,
    "usageCount": 1036,
    "blocksAffected": [],
    "hasGlow": false,
    "repairItems": [
      {
        "value": "CUSTOM:Moodev"
      }
    ],
    "immuneToFire": false,
    "stayInGridWhenCrafting": false,
    "damageOnCrafting": false
  }
}