{
  "_fv": 33,
  "_type": "tool",
  "definition": {
    "renderType": 0,
    "texture": "moodevtools_sword",
    "customModelName": "Normal",
    "name": "MoodevTools Sword",
    "specialInfo": [],
    "creativeTab": {
      "value": "CUSTOM:ForeinFabric"
    },
    "toolType": "Sword",
    "harvestLevel": 2,
    "efficiency": 7.5,
    "attackSpeed": 0.5,
    "enchantability": 15,
    "damageVsEntity": 7.5,
    "usageCount": 4061,
    "blocksAffected": [],
    "hasGlow": false,
    "repairItems": [
      {
        "value": "CUSTOM:Moodev"
      }
    ],
    "immuneToFire": false,
    "stayInGridWhenCrafting": false,
    "damageOnCrafting": false
  }
}