{
  "_fv": 33,
  "_type": "tool",
  "definition": {
    "renderType": 0,
    "texture": "moodevtools_hoe",
    "customModelName": "Normal",
    "name": "MoodevTools Hoe",
    "specialInfo": [],
    "creativeTab": {
      "value": "CUSTOM:ForeinFabric"
    },
    "toolType": "Hoe",
    "harvestLevel": 4,
    "efficiency": 9.5,
    "attackSpeed": 0.19999999999999998,
    "enchantability": 22,
    "damageVsEntity": 1.0,
    "usageCount": 561,
    "blocksAffected": [],
    "hasGlow": false,
    "repairItems": [
      {
        "value": "CUSTOM:Moodev"
      }
    ],
    "immuneToFire": false,
    "stayInGridWhenCrafting": false,
    "damageOnCrafting": false
  }
}