{
  "_fv": 33,
  "_type": "recipe",
  "definition": {
    "recipeType": "Smithing",
    "xpReward": 0.0,
    "cookingTime": 200,
    "recipeRetstackSize": 1,
    "group": "",
    "recipeShapeless": false,
    "smithingInputStack": {
      "value": "CUSTOM:MoodevToolsShovel"
    },
    "smithingInputAdditionStack": {
      "value": "CUSTOM:Moodev"
    },
    "smithingReturnStack": {
      "value": "CUSTOM:MoodevToolsPlusShovel"
    },
    "name": "moodev_tools_plus_shovel_recipe",
    "namespace": "mod"
  }
}