{
  "_fv": 33,
  "_type": "tag",
  "definition": {
    "type": "Items",
    "items": [
      {
        "value": "CUSTOM:WoodToolsPlusPickaxe"
      },
      {
        "value": "CUSTOM:WoodToolsPlusAxe"
      },
      {
        "value": "CUSTOM:WoodToolsPlusSword"
      },
      {
        "value": "CUSTOM:WoodToolsPlusShovel"
      },
      {
        "value": "CUSTOM:WoodToolsPlusHoe"
      },
      {
        "value": "CUSTOM:TreearmorArmor.helmet"
      },
      {
        "value": "CUSTOM:TreearmorArmor.body"
      },
      {
        "value": "CUSTOM:TreearmorArmor.legs"
      },
      {
        "value": "CUSTOM:TreearmorArmor.boots"
      }
    ],
    "blocks": [],
    "functions": [],
    "entities": [],
    "name": "planks",
    "namespace": "minecraft"
  }
}