{
  "_fv": 33,
  "_type": "tool",
  "definition": {
    "renderType": 0,
    "texture": "woodtoolsplus_sword",
    "customModelName": "Normal",
    "name": "WoodToolsPlus Sword",
    "specialInfo": [],
    "creativeTab": {
      "value": "CUSTOM:ForeinFabric"
    },
    "toolType": "Sword",
    "harvestLevel": 7,
    "efficiency": 13.0,
    "attackSpeed": 1.0,
    "enchantability": 49,
    "damageVsEntity": 21.0,
    "usageCount": 1444,
    "blocksAffected": [],
    "hasGlow": false,
    "repairItems": [
      {
        "value": "Blocks.PLANKS#0"
      }
    ],
    "immuneToFire": false,
    "stayInGridWhenCrafting": false,
    "damageOnCrafting": false
  }
}