{
  "display": {
    "icon": {
      "item": "forein:greendiamond"
    },
    "title": {
      "translate": "advancements.greendiamondachivens.title"
    },
    "description": {
      "translate": "advancements.greendiamondachivens.descr"
    },
    "frame": "goal",
    "show_toast": true,
    "announce_to_chat": true,
    "hidden": false
  },
  "criteria": {
    "greendiamondachivens": {
      "trigger": "minecraft:inventory_changed",
      "conditions": {
        "items": [
          {
            "item": "forein:greendiamond",
            "count": {
              "min": 1,
              "max": 1
            }
          }
        ]
      }
    }
  },
  "rewards": {
    "experience": 15,
    "recipes": [
      "forein:greendiamond_ore_block_recipe",
      "forein:greendiamond_block_ore_recipe",
      "forein:greendiamond_ore_smelting",
      "forein:greendiamondtool_pickaxe_recipe",
      "forein:greendiamondtool_axe_recipe",
      "forein:greendiamondtool_sword_recipe",
      "forein:greendiamondtool_shovel_recipe",
      "forein:greendiamondtool_hoe_recipe",
      "forein:greendiamondarmor_armor_helmet_recipe",
      "forein:greendiamondarmor_armor_body_recipe",
      "forein:greendiamondarmor_armor_leggings_recipe",
      "forein:greendiamondarmor_armor_boots_recipe"
    ]
  },
  "parent": "forein:newfood"
}