{
  "display": {
    "icon": {
      "item": "forein:minidestroyer"
    },
    "title": {
      "translate": "advancements.minidestroyerachivens.title"
    },
    "description": {
      "translate": "advancements.minidestroyerachivens.descr"
    },
    "frame": "challenge",
    "show_toast": true,
    "announce_to_chat": true,
    "hidden": false
  },
  "criteria": {
    "minidestroyerachivens": {
      "trigger": "minecraft:inventory_changed",
      "conditions": {
        "items": [
          {
            "item": "forein:minidestroyer",
            "count": {
              "min": 1,
              "max": 1
            }
          }
        ]
      }
    }
  },
  "rewards": {
    "experience": 5
  },
  "parent": "forein:moodevoreachivens"
}