{
  "display": {
    "background": "minecraft:textures/block/stone.png",
    "icon": {
      "item": "forein:moodev_dust"
    },
    "title": {
      "translate": "advancements.moodevoreachivens.title"
    },
    "description": {
      "translate": "advancements.moodevoreachivens.descr"
    },
    "frame": "task",
    "show_toast": true,
    "announce_to_chat": true,
    "hidden": false
  },
  "criteria": {
    "moodevoreachivens": {
      "trigger": "minecraft:inventory_changed",
      "conditions": {
        "items": [
          {
            "item": "forein:moodev_dust",
            "count": {
              "min": 1,
              "max": 1
            }
          }
        ]
      }
    }
  },
  "rewards": {
    "experience": 15,
    "recipes": [
      "forein:moodev_ore_block_recipe",
      "forein:moodev_block_ore_recipe",
      "forein:deleted_mod_element",
      "forein:moodev_pickaxe_recipe",
      "forein:moodev_axe_recipe",
      "forein:moodev_sword_recipe",
      "forein:moodev_shovel_recipe",
      "forein:moodev_hoe_recipe",
      "forein:moodev_armor_helmet_recipe",
      "forein:moodev_armor_body_recipe",
      "forein:moodev_armor_leggings_recipe",
      "forein:moodev_armor_boots_recipe",
      "forein:minidestroyercraft"
    ]
  }
}