{
  "_fv": 28,
  "_type": "achievement",
  "definition": {
    "achievementName": "Moodev ore",
    "achievementDescription": "new ore",
    "achievementIcon": {
      "value": "CUSTOM:MoodevDust"
    },
    "background": "Default",
    "disableDisplay": false,
    "showPopup": true,
    "announceToChat": true,
    "hideIfNotCompleted": false,
    "rewardLoot": [],
    "rewardRecipes": [
      "MoodevOreBlockRecipe",
      "MoodevBlockOreRecipe",
      "MoodevOreSmelting",
      "MoodevPickaxeRecipe",
      "MoodevAxeRecipe",
      "MoodevSwordRecipe",
      "MoodevShovelRecipe",
      "MoodevHoeRecipe",
      "MoodevArmorHelmetRecipe",
      "MoodevArmorBodyRecipe",
      "MoodevArmorLeggingsRecipe",
      "MoodevArmorBootsRecipe",
      "Minidestroyercaft"
    ],
    "rewardFunction": "No function",
    "rewardXP": 15,
    "achievementType": "task",
    "parent": {
      "value": "No parent: root"
    },
    "triggerxml": "<xml xmlns=\"https://developers.google.com/blockly/xml\"><block type=\"item_in_inventory\" x=\"14\" y=\"52\"><value name=\"amount_l\"><block type=\"math_number\"><field name=\"NUM\">1</field></block></value><value name=\"amount_h\"><block type=\"math_number\"><field name=\"NUM\">1</field></block></value><value name=\"item\"><block type=\"mcitem_all\"><field name=\"value\">CUSTOM:MoodevDust</field></block></value><next><block type=\"advancement_trigger\" deletable=\"false\"></block></next></block></xml>"
  }
}