{
  "_fv": 33,
  "_type": "fluid",
  "definition": {
    "name": "Goldwater",
    "bucketName": "Goldwater Bucket",
    "textureStill": "wqatergoldcolor",
    "textureFlowing": "watergold",
    "tintType": "Water",
    "canMultiply": true,
    "flowRate": 35,
    "levelDecrease": 1,
    "slopeFindDistance": 10,
    "spawnParticles": true,
    "dripParticle": {
      "value": "FALL_LAVA"
    },
    "flowStrength": -5.0,
    "luminosity": 5,
    "density": 1000,
    "viscosity": 1000,
    "isGas": false,
    "temperature": 15000,
    "type": "LAVA",
    "generateBucket": true,
    "textureBucket": "",
    "creativeTab": {
      "value": "CUSTOM:Forein"
    },
    "emptySound": {
      "value": ""
    },
    "rarity": "UNCOMMON",
    "specialInfo": [
      "GOLD"
    ],
    "resistance": 100.0,
    "luminance": 0,
    "lightOpacity": 1,
    "emissiveRendering": true,
    "tickRate": 10,
    "flammability": 0,
    "fireSpreadSpeed": 0,
    "colorOnMap": "DEFAULT",
    "frequencyOnChunks": 1,
    "spawnWorldTypes": [],
    "restrictionBiomes": []
  }
}