{
  "_fv": 33,
  "_type": "achievement",
  "definition": {
    "achievementName": "Greendiamondachivens",
    "achievementDescription": "new 2 ore on mod",
    "achievementIcon": {
      "value": "CUSTOM:Greendiamond"
    },
    "background": "Default",
    "disableDisplay": false,
    "showPopup": true,
    "announceToChat": true,
    "hideIfNotCompleted": false,
    "rewardLoot": [],
    "rewardRecipes": [
      "GreendiamondOreBlockRecipe",
      "GreendiamondBlockOreRecipe",
      "GreendiamondOreSmelting",
      "GreendiamondtoolPickaxeRecipe",
      "GreendiamondtoolAxeRecipe",
      "GreendiamondtoolSwordRecipe",
      "GreendiamondtoolShovelRecipe",
      "GreendiamondtoolHoeRecipe",
      "GreendiamondarmorArmorHelmetRecipe",
      "GreendiamondarmorArmorBodyRecipe",
      "GreendiamondarmorArmorLeggingsRecipe",
      "GreendiamondarmorArmorBootsRecipe"
    ],
    "rewardFunction": "No function",
    "rewardXP": 15,
    "achievementType": "goal",
    "parent": {
      "value": "CUSTOM:Newfood"
    },
    "triggerxml": "<xml xmlns=\"https://developers.google.com/blockly/xml\"><block type=\"item_in_inventory\" x=\"10\" y=\"34\"><value name=\"amount_l\"><block type=\"math_number\"><field name=\"NUM\">1</field></block></value><value name=\"amount_h\"><block type=\"math_number\"><field name=\"NUM\">1</field></block></value><value name=\"item\"><block type=\"mcitem_all\"><field name=\"value\">CUSTOM:Greendiamond</field></block></value><next><block type=\"advancement_trigger\" deletable=\"false\"></block></next></block></xml>"
  }
}