{
  "_fv": 33,
  "_type": "tool",
  "definition": {
    "renderType": 0,
    "texture": "minidestroyer",
    "customModelName": "Normal",
    "name": "Minidestroyer",
    "specialInfo": [],
    "creativeTab": {
      "value": "CUSTOM:Forein"
    },
    "toolType": "Sword",
    "harvestLevel": 5,
    "efficiency": 9.5,
    "attackSpeed": 0.5,
    "enchantability": 15,
    "damageVsEntity": 13.5,
    "usageCount": 5000,
    "blocksAffected": [],
    "hasGlow": false,
    "repairItems": [
      {
        "value": "CUSTOM:MoodevDust"
      }
    ],
    "immuneToFire": false,
    "stayInGridWhenCrafting": false,
    "damageOnCrafting": false
  }
}