{
  "_fv": 33,
  "_type": "tag",
  "definition": {
    "type": "Items",
    "items": [
      {
        "value": "CUSTOM:ICO"
      },
      {
        "value": "CUSTOM:MoodevDust"
      },
      {
        "value": "CUSTOM:MoodevOre"
      },
      {
        "value": "CUSTOM:MoodevBlock"
      },
      {
        "value": "CUSTOM:MoodevPickaxe"
      },
      {
        "value": "CUSTOM:MoodevAxe"
      },
      {
        "value": "CUSTOM:MoodevShovel"
      },
      {
        "value": "CUSTOM:MoodevHoe"
      },
      {
        "value": "CUSTOM:MoodevArmor.helmet"
      },
      {
        "value": "CUSTOM:MoodevArmor.body"
      },
      {
        "value": "CUSTOM:MoodevArmor.legs"
      },
      {
        "value": "CUSTOM:MoodevArmor.boots"
      }
    ],
    "blocks": [],
    "functions": [],
    "entities": [],
    "name": "moodtag",
    "namespace": "forge"
  }
}